<?xml version="1.0" encoding="utf-8"?>
<selector xmlns:android="http://schemas.android.com/apk/res/android">

    <item android:state_pressed="true"><shape xmlns:android="http://schemas.android.com/apk/res/android" android:shape="rectangle" >
        <corners
            />
        <gradient
            android:angle="45"
            android:centerX="35%"
            android:centerColor="#36A88D"
            android:startColor="#ACE8DA"
            android:endColor="#1D6175"
            android:type="linear"
            />
        <padding
            android:left="0dp"
            android:top="0dp"
            android:right="0dp"
            android:bottom="0dp"
            />
        <size
            android:width="250dp"
            android:height="100dp"
            />
        <stroke
            android:width="3dp"
            android:color="#777777"
            />
    </shape></item>

    <item android:state_enabled="false"><shape xmlns:android="http://schemas.android.com/apk/res/android" android:shape="rectangle" >
        <corners
            />
        <gradient
            android:angle="45"
            android:centerX="35%"
            android:centerColor="#1DD1A1"
            android:startColor="#2EE898"
            android:endColor="#E6FFFB"
            android:type="linear"
            />
        <padding
            android:left="0dp"
            android:top="0dp"
            android:right="0dp"
            android:bottom="0dp"
            />
        <size
            android:width="250dp"
            android:height="100dp"
            />
        <stroke
            android:width="2dp"
            android:color="#495587"
            />
    </shape></item>

</selector>