<?xml version="1.0" encoding="utf-8"?>
<selector xmlns:android="http://schemas.android.com/apk/res/android">

    <item android:state_pressed="true"><shape xmlns:android="http://schemas.android.com/apk/res/android" android:shape="rectangle" >
        <corners
            android:radius="14dp"
            />
        <solid
            android:color="#D4DCA9"
            />
        <padding
            android:left="0dp"
            android:top="0dp"
            android:right="0dp"
            android:bottom="0dp"
            />
        <size
            android:width="270dp"
            android:height="60dp"
            />
        <stroke
            android:width="3dp"
            android:color="#728CA3"
            />
    </shape></item>

    <item android:state_enabled="false"><shape xmlns:android="http://schemas.android.com/apk/res/android" android:shape="rectangle" >
        <corners
            android:radius="14dp"
            />
        <solid
            android:color="#D4DCA9"
            />
        <padding
            android:left="0dp"
            android:top="0dp"
            android:right="0dp"
            android:bottom="0dp"
            />
        <size
            android:width="270dp"
            android:height="60dp"
            />
        <stroke
            android:width="5dp"
            android:color="#728CA3"
            />
    </shape></item>

</selector>