<?xml version="1.0" encoding="utf-8"?>
<selector xmlns:android="http://schemas.android.com/apk/res/android">
    <item android:state_pressed="false"><shape xmlns:android="http://schemas.android.com/apk/res/android" android:shape="oval" >
    <!-- 圓形內部的填充顏色 -->
    <solid android:color="#00DDAA"></solid>
    <!-- 環狀外部寬度的顏色 -->
    <stroke android:width="12dp" android:color="#777777"></stroke>
    </shape></item>

    <item android:state_pressed="true"><shape xmlns:android="http://schemas.android.com/apk/res/android" android:shape="oval" >
        <!-- 圓形內部的填充顏色 -->
        <solid android:color="#00DDAA"></solid>
        <!-- 環狀外部寬度的顏色 -->
        <stroke android:width="6dp" android:color="#777777"></stroke>
    </shape></item>
</selector>